,AFR,AMR,EAS,EUR,SAS,accuracy,macro avg,weighted avg
precision,0.9849624060150376,0.6435643564356436,1.0,0.9428571428571428,0.7399103139013453,0.8902195608782435,0.8622588438418338,0.884253720530413
recall,0.9924242424242424,0.4676258992805755,1.0,0.9850746268656716,0.8418367346938775,0.8902195608782435,0.8573923006528734,0.8902195608782435
f1-score,0.9886792452830188,0.5416666666666667,1.0,0.9635036496350364,0.7875894988066825,0.8902195608782435,0.8562878120782809,0.8845656315011335
support,264.0,139.0,202.0,201.0,196.0,0.8902195608782435,1002.0,1002.0
