,ACB,ASW,BEB,CDX,CEU,CHB,CHS,CLM,ESN,FIN,GBR,GIH,GWD,IBS,ITU,JPT,KHV,LWK,MSL,MXL,PEL,PJL,PUR,STU,TSI,YRI,accuracy,macro avg,weighted avg
precision,0.10256410256410256,0.09523809523809523,0.10526315789473684,0.26666666666666666,0.27586206896551724,0.21621621621621623,0.26666666666666666,0.08,0.16666666666666666,0.23943661971830985,0.16666666666666666,0.24242424242424243,0.16363636363636364,0.3220338983050847,0.23809523809523808,0.46938775510204084,0.1951219512195122,0.1891891891891892,0.2777777777777778,0.125,0.7352941176470589,0.20833333333333334,0.2702702702702703,0.18421052631578946,0.4444444444444444,0.27450980392156865,0.250499001996008,0.24311445534405995,0.24682284834426987
recall,0.10526315789473684,0.08333333333333333,0.11764705882352941,0.21621621621621623,0.2,0.1951219512195122,0.2857142857142857,0.05263157894736842,0.1,0.425,0.16666666666666666,0.3902439024390244,0.2,0.4418604651162791,0.12195121951219512,0.5476190476190477,0.2,0.175,0.29411764705882354,0.04,0.7352941176470589,0.2631578947368421,0.23809523809523808,0.17073170731707318,0.27906976744186046,0.32558139534883723,0.250499001996008,0.2450121788903049,0.250499001996008
f1-score,0.1038961038961039,0.08888888888888889,0.1111111111111111,0.23880597014925373,0.2318840579710145,0.20512820512820515,0.2758620689655172,0.06349206349206349,0.125,0.3063063063063063,0.16666666666666666,0.29906542056074764,0.18000000000000002,0.37254901960784315,0.16129032258064516,0.5054945054945055,0.19753086419753088,0.18181818181818182,0.28571428571428575,0.06060606060606061,0.735294117647059,0.23255813953488372,0.25316455696202533,0.17721518987341772,0.34285714285714286,0.29787234042553196,0.250499001996008,0.23846429194057658,0.24306131049775442
support,38.0,24.0,34.0,37.0,40.0,41.0,42.0,38.0,40.0,40.0,36.0,41.0,45.0,43.0,41.0,42.0,40.0,40.0,34.0,25.0,34.0,38.0,42.0,41.0,43.0,43.0,0.250499001996008,1002.0,1002.0
