,ACB,ASW,BEB,CDX,CEU,CHB,CHS,CLM,ESN,FIN,GBR,GIH,GWD,IBS,ITU,JPT,KHV,LWK,MSL,MXL,PEL,PJL,PUR,STU,TSI,YRI,accuracy,macro avg,weighted avg
precision,0.08163265306122448,0.0,0.14285714285714285,0.22916666666666666,0.08333333333333333,0.24,0.2127659574468085,0.13043478260869565,0.125,0.17647058823529413,0.14285714285714285,0.17391304347826086,0.3,0.0684931506849315,0.225,0.3333333333333333,0.25,0.13333333333333333,0.19047619047619047,0.36363636363636365,0.7567567567567568,0.20833333333333334,0.08333333333333333,0.21739130434782608,0.17142857142857143,0.13513513513513514,0.1936127744510978,0.19904161985937222,0.1972543001167914
recall,0.10526315789473684,0.0,0.08823529411764706,0.2972972972972973,0.025,0.14634146341463414,0.23809523809523808,0.07894736842105263,0.075,0.15,0.2777777777777778,0.0975609756097561,0.3333333333333333,0.11627906976744186,0.21951219512195122,0.2619047619047619,0.325,0.2,0.11764705882352941,0.16,0.8235294117647058,0.13157894736842105,0.09523809523809523,0.24390243902439024,0.27906976744186046,0.11627906976744186,0.1936127744510978,0.1924151046993874,0.1936127744510978
f1-score,0.09195402298850575,0.0,0.10909090909090909,0.2588235294117647,0.03846153846153846,0.1818181818181818,0.2247191011235955,0.09836065573770492,0.09374999999999999,0.16216216216216214,0.18867924528301885,0.12500000000000003,0.3157894736842105,0.08620689655172413,0.22222222222222224,0.29333333333333333,0.28260869565217395,0.16,0.14545454545454542,0.2222222222222222,0.7887323943661971,0.16129032258064516,0.08888888888888889,0.22988505747126436,0.21238938053097345,0.125,0.1936127744510978,0.188724722270607,0.18889107531987964
support,38.0,24.0,34.0,37.0,40.0,41.0,42.0,38.0,40.0,40.0,36.0,41.0,45.0,43.0,41.0,42.0,40.0,40.0,34.0,25.0,34.0,38.0,42.0,41.0,43.0,43.0,0.1936127744510978,1002.0,1002.0
