,fit_time,score_time,estimator,test_f1_macro,train_f1_macro,test_precision_macro,train_precision_macro,test_recall_macro,train_recall_macro,test_accuracy,train_accuracy,training_accuracy
Fold 1,0.0052220821380615234,0.018445968627929688,"KNeighborsClassifier(n_jobs=4, n_neighbors=9, weights='distance')",0.19744411548932367,1.0,0.19362341718110948,1.0,0.2057400932400932,1.0,0.2026578073089701,1.0,1.0
Fold 2,0.0028760433197021484,0.014126777648925781,"KNeighborsClassifier(n_jobs=4, n_neighbors=9, weights='distance')",0.20757238802650307,1.0,0.21849099555547516,1.0,0.21306546018084482,1.0,0.2159468438538206,1.0,1.0
Fold 3,0.0028409957885742188,0.014325141906738281,"KNeighborsClassifier(n_jobs=4, n_neighbors=9, weights='distance')",0.1932827657585623,1.0,0.19500499500499505,1.0,0.19552370706216862,1.0,0.19666666666666666,1.0,1.0
Fold 4,0.0041501522064208984,0.015352725982666016,"KNeighborsClassifier(n_jobs=4, n_neighbors=9, weights='distance')",0.19903100759238865,1.0,0.19695207216640892,1.0,0.2079433387125695,1.0,0.21,1.0,1.0
Fold 5,0.0028891563415527344,0.014599084854125977,"KNeighborsClassifier(n_jobs=4, n_neighbors=9, weights='distance')",0.1788306489154996,1.0,0.17367515954977256,1.0,0.19335856451241065,1.0,0.19,1.0,1.0
