,fit_time,score_time,estimator,test_f1_macro,train_f1_macro,test_precision_macro,train_precision_macro,test_recall_macro,train_recall_macro,test_accuracy,train_accuracy,training_accuracy
Fold 1,0.0026869773864746094,0.021244049072265625,"KNeighborsClassifier(n_jobs=4, n_neighbors=9, weights='distance')",0.8531586720743325,1.0,0.8677508320947857,1.0,0.8574760095961615,1.0,0.893687707641196,1.0,1.0
Fold 2,0.0038280487060546875,0.03171396255493164,"KNeighborsClassifier(n_jobs=4, n_neighbors=9, weights='distance')",0.9014856770448482,1.0,0.9244404256213988,1.0,0.8975013787588413,1.0,0.9235880398671097,1.0,1.0
Fold 3,0.005258798599243164,0.017620086669921875,"KNeighborsClassifier(n_jobs=4, n_neighbors=9, weights='distance')",0.8694635570975622,1.0,0.8772533206831119,1.0,0.8698870056497174,1.0,0.9,1.0,1.0
Fold 4,0.0029630661010742188,0.013067960739135742,"KNeighborsClassifier(n_jobs=4, n_neighbors=9, weights='distance')",0.8936315931735779,1.0,0.9221083803273894,1.0,0.8933333333333333,1.0,0.9233333333333333,1.0,1.0
Fold 5,0.003979682922363281,0.012111186981201172,"KNeighborsClassifier(n_jobs=4, n_neighbors=9, weights='distance')",0.8715861915861917,1.0,0.8914676616915423,1.0,0.8737530266343827,1.0,0.9066666666666666,1.0,1.0
