,AFR,AMR,EAS,EUR,SAS,accuracy,macro avg,weighted avg
precision,0.9924242424242424,0.6951219512195121,0.9617224880382775,0.6620689655172414,0.8726114649681529,0.8473053892215568,0.8367898224334851,0.8552870289480716
recall,0.9924242424242424,0.41007194244604317,0.995049504950495,0.9552238805970149,0.6989795918367347,0.8473053892215568,0.8103498324509062,0.8473053892215568
f1-score,0.9924242424242424,0.5158371040723982,0.9781021897810219,0.7820773930753563,0.7762039660056658,0.8473053892215568,0.808928979071737,0.838933665815456
support,264.0,139.0,202.0,201.0,196.0,0.8473053892215568,1002.0,1002.0
