,AFR,AMR,EAS,EUR,SAS,accuracy,macro avg,weighted avg
precision,0.9849624060150376,0.6666666666666666,1.0,0.943127962085308,0.751131221719457,0.8952095808383234,0.8691776512972937,0.8897077661584801
recall,0.9924242424242424,0.4892086330935252,1.0,0.9900497512437811,0.8469387755102041,0.8952095808383234,0.8637242804543506,0.8952095808383234
f1-score,0.9886792452830188,0.5643153526970954,1.0,0.9660194174757281,0.7961630695443644,0.8952095808383234,0.8630354170000413,0.8898892408412477
support,264.0,139.0,202.0,201.0,196.0,0.8952095808383234,1002.0,1002.0
