,AFR,AMR,EAS,EUR,SAS,accuracy,macro avg,weighted avg
precision,0.9924242424242424,0.9375,0.9950738916256158,0.9751243781094527,0.9368932038834952,0.9710578842315369,0.9674031432085612,0.9710064811073247
recall,0.9924242424242424,0.8633093525179856,1.0,0.9751243781094527,0.9846938775510204,0.9710578842315369,0.9631103701205402,0.9710578842315369
f1-score,0.9924242424242424,0.898876404494382,0.9975308641975309,0.9751243781094527,0.9601990049751243,0.9710578842315369,0.9648309788401465,0.9707026544588271
support,264.0,139.0,202.0,201.0,196.0,0.9710578842315369,1002.0,1002.0
