,ACB,ASW,BEB,CDX,CEU,CHB,CHS,CLM,ESN,FIN,GBR,GIH,GWD,IBS,ITU,JPT,KHV,LWK,MSL,MXL,PEL,PJL,PUR,STU,TSI,YRI,accuracy,macro avg,weighted avg
precision,0.19230769230769232,0.07142857142857142,0.16129032258064516,0.22580645161290322,0.2,0.18421052631578946,0.14285714285714285,0.125,0.21212121212121213,0.18181818181818182,0.07407407407407407,0.2571428571428571,0.2,0.3181818181818182,0.22727272727272727,0.30434782608695654,0.1724137931034483,0.25806451612903225,0.1111111111111111,0.05555555555555555,0.71875,0.20930232558139536,0.2,0.09259259259259259,0.375,0.08571428571428572,0.21756487025948104,0.20601398398415355,0.20927826899317964
recall,0.2631578947368421,0.041666666666666664,0.14705882352941177,0.1891891891891892,0.275,0.17073170731707318,0.11904761904761904,0.07894736842105263,0.175,0.25,0.05555555555555555,0.21951219512195122,0.3111111111111111,0.32558139534883723,0.24390243902439024,0.5,0.125,0.2,0.08823529411764706,0.04,0.6764705882352942,0.23684210526315788,0.09523809523809523,0.12195121951219512,0.4883720930232558,0.06976744186046512,0.21756487025948104,0.21182072316614656,0.21756487025948104
f1-score,0.2222222222222222,0.052631578947368425,0.15384615384615385,0.2058823529411765,0.23157894736842108,0.17721518987341772,0.12987012987012989,0.0967741935483871,0.1917808219178082,0.2105263157894737,0.06349206349206349,0.2368421052631579,0.24347826086956526,0.3218390804597701,0.2352941176470588,0.3783783783783784,0.14492753623188406,0.22535211267605634,0.09836065573770492,0.046511627906976744,0.696969696969697,0.2222222222222222,0.12903225806451613,0.10526315789473684,0.42424242424242425,0.07692307692307693,0.21756487025948104,0.20467141081937873,0.20896702304872322
support,38.0,24.0,34.0,37.0,40.0,41.0,42.0,38.0,40.0,40.0,36.0,41.0,45.0,43.0,41.0,42.0,40.0,40.0,34.0,25.0,34.0,38.0,42.0,41.0,43.0,43.0,0.21756487025948104,1002.0,1002.0
