,ACB,ASW,BEB,CDX,CEU,CHB,CHS,CLM,ESN,FIN,GBR,GIH,GWD,IBS,ITU,JPT,KHV,LWK,MSL,MXL,PEL,PJL,PUR,STU,TSI,YRI,accuracy,macro avg,weighted avg
precision,0.34285714285714286,0.5833333333333334,0.35,0.05,0.27906976744186046,0.2,0.16393442622950818,0.5365853658536586,0.125,0.3902439024390244,0.1724137931034483,0.3191489361702128,0.20454545454545456,0.37777777777777777,0.18604651162790697,0.09090909090909091,0.14814814814814814,0.26,0.2608695652173913,0.5294117647058824,0.8,0.1951219512195122,0.6046511627906976,0.125,0.17073170731707318,0.25862068965517243,0.28642714570858285,0.2970930958208575,0.2856702704299656
recall,0.3157894736842105,0.2916666666666667,0.4117647058823529,0.02702702702702703,0.3,0.24390243902439024,0.23809523809523808,0.5789473684210527,0.125,0.4,0.1388888888888889,0.36585365853658536,0.2,0.3953488372093023,0.1951219512195122,0.09523809523809523,0.1,0.325,0.17647058823529413,0.36,0.8235294117647058,0.21052631578947367,0.6190476190476191,0.0975609756097561,0.16279069767441862,0.3488372093023256,0.28642714570858285,0.29024642951218904,0.28642714570858285
f1-score,0.3287671232876712,0.38888888888888895,0.37837837837837834,0.03508771929824561,0.2891566265060241,0.21978021978021978,0.19417475728155337,0.5569620253164557,0.125,0.39506172839506176,0.15384615384615385,0.34090909090909094,0.20224719101123598,0.38636363636363635,0.1904761904761905,0.09302325581395349,0.11940298507462688,0.2888888888888889,0.2105263157894737,0.42857142857142855,0.8115942028985507,0.20253164556962025,0.611764705882353,0.10958904109589042,0.16666666666666669,0.297029702970297,0.28642714570858285,0.28941109880617527,0.28269129971744356
support,38.0,24.0,34.0,37.0,40.0,41.0,42.0,38.0,40.0,40.0,36.0,41.0,45.0,43.0,41.0,42.0,40.0,40.0,34.0,25.0,34.0,38.0,42.0,41.0,43.0,43.0,0.28642714570858285,1002.0,1002.0
