,AFR,AMR,EAS,EUR,SAS,accuracy,macro avg,weighted avg
precision,0.9924242424242424,0.924812030075188,0.995049504950495,0.9603960396039604,0.9601990049751243,0.9710578842315369,0.9665761644058021,0.9708457895368976
recall,0.9924242424242424,0.8848920863309353,0.995049504950495,0.9651741293532339,0.9846938775510204,0.9710578842315369,0.9644467681219855,0.9710578842315369
f1-score,0.9924242424242424,0.9044117647058822,0.995049504950495,0.9627791563275435,0.9722921914357683,0.9710578842315369,0.9653913719687864,0.9708593964444754
support,264.0,139.0,202.0,201.0,196.0,0.9710578842315369,1002.0,1002.0
