,ACB,ASW,BEB,CDX,CEU,CHB,CHS,CLM,ESN,FIN,GBR,GIH,GWD,IBS,ITU,JPT,KHV,LWK,MSL,MXL,PEL,PJL,PUR,STU,TSI,YRI,accuracy,macro avg,weighted avg
precision,0.3793103448275862,0.4117647058823529,0.20588235294117646,0.24561403508771928,0.2962962962962963,0.20512820512820512,0.3684210526315789,0.15384615384615385,0.19607843137254902,0.3090909090909091,0.0967741935483871,0.2222222222222222,0.20689655172413793,0.32653061224489793,0.19047619047619047,0.26666666666666666,0.21739130434782608,0.2857142857142857,0.42105263157894735,0.3076923076923077,0.6842105263157895,0.2727272727272727,0.29545454545454547,0.15555555555555556,0.21568627450980393,0.375,0.27245508982035926,0.28121090876474475,0.2765207044314677
recall,0.2894736842105263,0.2916666666666667,0.20588235294117646,0.3783783783783784,0.2,0.1951219512195122,0.3333333333333333,0.15789473684210525,0.25,0.425,0.08333333333333333,0.1951219512195122,0.26666666666666666,0.37209302325581395,0.1951219512195122,0.2857142857142857,0.125,0.35,0.23529411764705882,0.16,0.7647058823529411,0.23684210526315788,0.30952380952380953,0.17073170731707318,0.2558139534883721,0.3488372093023256,0.27245508982035926,0.2723673499959831,0.27245508982035926
f1-score,0.3283582089552239,0.34146341463414637,0.20588235294117646,0.2978723404255319,0.23880597014925375,0.2,0.35,0.15584415584415584,0.2197802197802198,0.3578947368421052,0.08955223880597014,0.2077922077922078,0.23300970873786406,0.34782608695652173,0.1927710843373494,0.2758620689655172,0.15873015873015875,0.3146067415730337,0.3018867924528302,0.2105263157894737,0.7222222222222222,0.2535211267605634,0.3023255813953489,0.1627906976744186,0.23404255319148937,0.3614457831325302,0.27245508982035926,0.27172356800343506,0.26993882364403493
support,38.0,24.0,34.0,37.0,40.0,41.0,42.0,38.0,40.0,40.0,36.0,41.0,45.0,43.0,41.0,42.0,40.0,40.0,34.0,25.0,34.0,38.0,42.0,41.0,43.0,43.0,0.27245508982035926,1002.0,1002.0
