,AFR,AMR,EAS,EUR,SAS,accuracy,macro avg,weighted avg
precision,0.9924242424242424,0.7922077922077922,0.9901960784313726,0.8235294117647058,0.8356164383561644,0.9021956087824351,0.8867947926368556,0.8996474297829685
recall,0.9924242424242424,0.43884892086330934,1.0,0.9751243781094527,0.9336734693877551,0.9021956087824351,0.8680142021569519,0.9021956087824351
f1-score,0.9924242424242424,0.5648148148148148,0.9950738916256158,0.8929384965831435,0.8819277108433735,0.9021956087824351,0.865435831258238,0.8920685174712044
support,264.0,139.0,202.0,201.0,196.0,0.9021956087824351,1002.0,1002.0
