,fit_time,score_time,estimator,test_f1_macro,train_f1_macro,test_precision_macro,train_precision_macro,test_recall_macro,train_recall_macro,test_accuracy,train_accuracy,training_accuracy
Fold 1,0.0037178993225097656,0.016454219818115234,"KNeighborsClassifier(n_jobs=4, n_neighbors=9, weights='distance')",0.5151755627463143,1.0,0.5298452579412332,1.0,0.5225764619995389,1.0,0.521594684385382,1.0,1.0
Fold 2,0.0027740001678466797,0.014233827590942383,"KNeighborsClassifier(n_jobs=4, n_neighbors=9, weights='distance')",0.4535950230872125,1.0,0.4697480053948856,1.0,0.4522727272727272,1.0,0.45182724252491696,1.0,1.0
Fold 3,0.003876924514770508,0.013049125671386719,"KNeighborsClassifier(n_jobs=4, n_neighbors=9, weights='distance')",0.5411192395447384,1.0,0.547968484506946,1.0,0.5473010963395579,1.0,0.5466666666666666,1.0,1.0
Fold 4,0.003843069076538086,0.014370918273925781,"KNeighborsClassifier(n_jobs=4, n_neighbors=9, weights='distance')",0.48869570347212454,1.0,0.5053492503897362,1.0,0.49059626271164736,1.0,0.49333333333333335,1.0,1.0
Fold 5,0.0038678646087646484,0.01280522346496582,"KNeighborsClassifier(n_jobs=4, n_neighbors=9, weights='distance')",0.4583218512425974,1.0,0.49731118240733624,1.0,0.45992789262020034,1.0,0.4666666666666667,1.0,1.0
