,fit_time,score_time,estimator,test_f1_macro,train_f1_macro,test_precision_macro,train_precision_macro,test_recall_macro,train_recall_macro,test_accuracy,train_accuracy,training_accuracy
Fold 1,0.003512859344482422,0.02025628089904785,"KNeighborsClassifier(n_jobs=4, n_neighbors=9, weights='distance')",0.3002582205955519,1.0,0.30955789120381877,1.0,0.3032291426522196,1.0,0.2956810631229236,1.0,1.0
Fold 2,0.002760171890258789,0.015824079513549805,"KNeighborsClassifier(n_jobs=4, n_neighbors=9, weights='distance')",0.3456710870611795,1.0,0.37375818444078734,1.0,0.34302844591306136,1.0,0.34219269102990035,1.0,1.0
Fold 3,0.003253936767578125,0.014750957489013672,"KNeighborsClassifier(n_jobs=4, n_neighbors=9, weights='distance')",0.3179970600374821,1.0,0.3444498155188201,1.0,0.3293446937677707,1.0,0.33,1.0,1.0
Fold 4,0.0042722225189208984,0.015471696853637695,"KNeighborsClassifier(n_jobs=4, n_neighbors=9, weights='distance')",0.30732318046503565,1.0,0.31055690789853685,1.0,0.31909917006070854,1.0,0.31333333333333335,1.0,1.0
Fold 5,0.002910137176513672,0.014627933502197266,"KNeighborsClassifier(n_jobs=4, n_neighbors=9, weights='distance')",0.2866429655466455,1.0,0.29161111324572864,1.0,0.2907262609185686,1.0,0.29,1.0,1.0
