,AFR,AMR,EAS,EUR,SAS,accuracy,macro avg,weighted avg
precision,0.9924528301886792,0.691358024691358,0.9439252336448598,0.7035714285714286,0.845679012345679,0.8532934131736527,0.835397305888401,0.8542416700207405
recall,0.9962121212121212,0.4028776978417266,1.0,0.9800995024875622,0.6989795918367347,0.8532934131736527,0.8156337826756289,0.8532934131736527
f1-score,0.9943289224952742,0.509090909090909,0.9711538461538461,0.8191268191268191,0.7653631284916201,0.8532934131736527,0.8118127250716937,0.8424103918705727
support,264.0,139.0,202.0,201.0,196.0,0.8532934131736527,1002.0,1002.0
