,AFR,AMR,EAS,EUR,SAS,accuracy,macro avg,weighted avg
precision,0.9924242424242424,0.8518518518518519,0.9901960784313726,0.823045267489712,0.8761904761904762,0.9151696606786427,0.9067415832775311,0.9157609254983134
recall,0.9924242424242424,0.49640287769784175,1.0,0.9950248756218906,0.9387755102040817,0.9151696606786427,0.8845255011896113,0.9151696606786427
f1-score,0.9924242424242424,0.6272727272727272,0.9950738916256158,0.9009009009009008,0.9064039408866995,0.9151696606786427,0.8844151406220371,0.9071178529881813
support,264.0,139.0,202.0,201.0,196.0,0.9151696606786427,1002.0,1002.0
