,ACB,ASW,BEB,CDX,CEU,CHB,CHS,CLM,ESN,FIN,GBR,GIH,GWD,IBS,ITU,JPT,KHV,LWK,MSL,MXL,PEL,PJL,PUR,STU,TSI,YRI,accuracy,macro avg,weighted avg
precision,0.3333333333333333,0.5833333333333334,0.36585365853658536,0.09523809523809523,0.30952380952380953,0.22448979591836735,0.1694915254237288,0.5238095238095238,0.10256410256410256,0.3953488372093023,0.17857142857142858,0.2826086956521739,0.20454545454545456,0.3695652173913043,0.20454545454545456,0.0851063829787234,0.15384615384615385,0.25,0.2916666666666667,0.5,0.8,0.21052631578947367,0.6222222222222222,0.125,0.175,0.2542372881355932,0.2904191616766467,0.3004010498167243,0.28913444827909085
recall,0.3157894736842105,0.2916666666666667,0.4411764705882353,0.05405405405405406,0.325,0.2682926829268293,0.23809523809523808,0.5789473684210527,0.1,0.425,0.1388888888888889,0.3170731707317073,0.2,0.3953488372093023,0.21951219512195122,0.09523809523809523,0.1,0.3,0.20588235294117646,0.32,0.8235294117647058,0.21052631578947367,0.6666666666666666,0.0975609756097561,0.16279069767441862,0.3488372093023256,0.2904191616766467,0.2938414142836444,0.2904191616766467
f1-score,0.3243243243243243,0.38888888888888895,0.4,0.06896551724137931,0.3170731707317073,0.24444444444444444,0.19801980198019803,0.5500000000000002,0.10126582278481013,0.40963855421686746,0.15625000000000003,0.29885057471264365,0.20224719101123598,0.38202247191011235,0.21176470588235297,0.08988764044943819,0.12121212121212123,0.2727272727272727,0.2413793103448276,0.39024390243902435,0.8115942028985507,0.21052631578947367,0.6436781609195403,0.10958904109589042,0.16867469879518074,0.29411764705882354,0.2904191616766467,0.29259176084073496,0.2862012095661946
support,38.0,24.0,34.0,37.0,40.0,41.0,42.0,38.0,40.0,40.0,36.0,41.0,45.0,43.0,41.0,42.0,40.0,40.0,34.0,25.0,34.0,38.0,42.0,41.0,43.0,43.0,0.2904191616766467,1002.0,1002.0
