,fit_time,score_time,estimator,test_f1_macro,train_f1_macro,test_precision_macro,train_precision_macro,test_recall_macro,train_recall_macro,test_accuracy,train_accuracy,training_accuracy
Fold 1,0.004375934600830078,0.01798415184020996,"KNeighborsClassifier(n_jobs=4, n_neighbors=9, weights='distance')",0.9426734970233956,1.0,0.9431134792626729,1.0,0.9426640033641716,1.0,0.9534883720930233,1.0,1.0
Fold 2,0.0034041404724121094,0.01279902458190918,"KNeighborsClassifier(n_jobs=4, n_neighbors=9, weights='distance')",0.972422409845931,1.0,0.9720288155924071,1.0,0.9728602007472873,1.0,0.9767441860465116,1.0,1.0
Fold 3,0.002719879150390625,0.013306856155395508,"KNeighborsClassifier(n_jobs=4, n_neighbors=9, weights='distance')",0.9631403929692901,1.0,0.9673027049098915,1.0,0.9607451905885718,1.0,0.97,1.0,1.0
Fold 4,0.0038521289825439453,0.01714920997619629,"KNeighborsClassifier(n_jobs=4, n_neighbors=9, weights='distance')",0.9496408165320043,1.0,0.9495003188026445,1.0,0.950500403551251,1.0,0.9566666666666667,1.0,1.0
Fold 5,0.0036821365356445312,0.01176595687866211,"KNeighborsClassifier(n_jobs=4, n_neighbors=9, weights='distance')",0.9594054853464457,1.0,0.9645738045738046,1.0,0.9565536723163841,1.0,0.9666666666666667,1.0,1.0
