,ACB,ASW,BEB,CDX,CEU,CHB,CHS,CLM,ESN,FIN,GBR,GIH,GWD,IBS,ITU,JPT,KHV,LWK,MSL,MXL,PEL,PJL,PUR,STU,TSI,YRI,accuracy,macro avg,weighted avg
precision,0.27906976744186046,0.0,0.2631578947368421,0.23333333333333334,0.23684210526315788,0.22,0.26666666666666666,0.15384615384615385,0.17857142857142858,0.22641509433962265,0.19230769230769232,0.2777777777777778,0.19230769230769232,0.2127659574468085,0.2765957446808511,0.359375,0.13793103448275862,0.15384615384615385,0.16279069767441862,0.26666666666666666,0.6470588235294118,0.2,0.43243243243243246,0.32142857142857145,0.2765957446808511,0.22916666666666666,0.25349301397205587,0.24603650385106995,0.2485376554467752
recall,0.3157894736842105,0.0,0.29411764705882354,0.1891891891891892,0.225,0.2682926829268293,0.19047619047619047,0.05263157894736842,0.125,0.3,0.2777777777777778,0.36585365853658536,0.2222222222222222,0.23255813953488372,0.3170731707317073,0.5476190476190477,0.1,0.1,0.20588235294117646,0.16,0.6470588235294118,0.18421052631578946,0.38095238095238093,0.21951219512195122,0.3023255813953488,0.2558139534883721,0.25349301397205587,0.24920602278651022,0.25349301397205587
f1-score,0.29629629629629634,0.0,0.27777777777777773,0.208955223880597,0.23076923076923078,0.2417582417582418,0.2222222222222222,0.0784313725490196,0.14705882352941174,0.25806451612903225,0.2272727272727273,0.3157894736842105,0.2061855670103093,0.22222222222222224,0.29545454545454547,0.4339622641509434,0.11594202898550725,0.12121212121212123,0.18181818181818182,0.2,0.6470588235294118,0.1917808219178082,0.4050632911392405,0.2608695652173913,0.2888888888888889,0.24175824175824176,0.25349301397205587,0.24294663342975312,0.24638872233605874
support,38.0,24.0,34.0,37.0,40.0,41.0,42.0,38.0,40.0,40.0,36.0,41.0,45.0,43.0,41.0,42.0,40.0,40.0,34.0,25.0,34.0,38.0,42.0,41.0,43.0,43.0,0.25349301397205587,1002.0,1002.0
