,fit_time,score_time,estimator,test_f1_macro,train_f1_macro,test_precision_macro,train_precision_macro,test_recall_macro,train_recall_macro,test_accuracy,train_accuracy,training_accuracy
Fold 1,0.014622926712036133,0.024426937103271484,"KNeighborsClassifier(n_jobs=4, n_neighbors=9, weights='distance')",0.23075948045316205,1.0,0.2374003422750148,1.0,0.23767258382642995,1.0,0.2425249169435216,1.0,1.0
Fold 2,0.0035011768341064453,0.016409873962402344,"KNeighborsClassifier(n_jobs=4, n_neighbors=9, weights='distance')",0.2531542049952314,1.0,0.2493233074115427,1.0,0.2637650810727734,1.0,0.26578073089701,1.0,1.0
Fold 3,0.0028219223022460938,0.015794992446899414,"KNeighborsClassifier(n_jobs=4, n_neighbors=9, weights='distance')",0.24623950838357697,1.0,0.25169091529385645,1.0,0.2532182561028715,1.0,0.26,1.0,1.0
Fold 4,0.0028221607208251953,0.016566038131713867,"KNeighborsClassifier(n_jobs=4, n_neighbors=9, weights='distance')",0.2216471831744762,1.0,0.22249300787196716,1.0,0.2304794564409949,1.0,0.23333333333333334,1.0,1.0
Fold 5,0.0032868385314941406,0.016186952590942383,"KNeighborsClassifier(n_jobs=4, n_neighbors=9, weights='distance')",0.21573146789731784,1.0,0.21499837484893453,1.0,0.22170970055585443,1.0,0.22666666666666666,1.0,1.0
