,AFR,AMR,EAS,EUR,SAS,accuracy,macro avg,weighted avg
precision,0.9813432835820896,0.9153846153846154,0.9901960784313726,0.9653465346534653,0.9595959595959596,0.9670658682634731,0.9623732943295005,0.9665151275383483
recall,0.9962121212121212,0.8561151079136691,1.0,0.9701492537313433,0.9693877551020408,0.9670658682634731,0.9583728475918349,0.9670658682634731
f1-score,0.9887218045112782,0.8847583643122677,0.9950738916256158,0.967741935483871,0.964467005076142,0.9670658682634731,0.960152600201835,0.9666273025608173
support,264.0,139.0,202.0,201.0,196.0,0.9670658682634731,1002.0,1002.0
