,ACB,ASW,BEB,CDX,CEU,CHB,CHS,CLM,ESN,FIN,GBR,GIH,GWD,IBS,ITU,JPT,KHV,LWK,MSL,MXL,PEL,PJL,PUR,STU,TSI,YRI,accuracy,macro avg,weighted avg
precision,0.4,0.4375,0.20588235294117646,0.2545454545454545,0.2857142857142857,0.19047619047619047,0.3783783783783784,0.15789473684210525,0.2,0.3148148148148148,0.1,0.21052631578947367,0.22641509433962265,0.30612244897959184,0.17073170731707318,0.24444444444444444,0.21739130434782608,0.27450980392156865,0.4090909090909091,0.36363636363636365,0.6842105263157895,0.24242424242424243,0.30434782608695654,0.15555555555555556,0.23076923076923078,0.3902439024390244,0.27345309381237526,0.282908688045003,0.27715192250022047
recall,0.3157894736842105,0.2916666666666667,0.20588235294117646,0.3783783783783784,0.2,0.1951219512195122,0.3333333333333333,0.15789473684210525,0.25,0.425,0.08333333333333333,0.1951219512195122,0.26666666666666666,0.3488372093023256,0.17073170731707318,0.2619047619047619,0.125,0.35,0.2647058823529412,0.16,0.7647058823529411,0.21052631578947367,0.3333333333333333,0.17073170731707318,0.27906976744186046,0.37209302325581395,0.27345309381237526,0.2734549397943266,0.27345309381237526
f1-score,0.35294117647058826,0.35000000000000003,0.20588235294117646,0.3043478260869565,0.23529411764705882,0.1927710843373494,0.3544303797468354,0.15789473684210525,0.22222222222222224,0.3617021276595745,0.0909090909090909,0.20253164556962025,0.24489795918367346,0.32608695652173914,0.17073170731707318,0.25287356321839083,0.15873015873015875,0.3076923076923077,0.3214285714285714,0.2222222222222222,0.7222222222222222,0.22535211267605634,0.31818181818181823,0.1627906976744186,0.25263157894736843,0.380952380952381,0.27345309381237526,0.2729892699000377,0.27087081017131204
support,38.0,24.0,34.0,37.0,40.0,41.0,42.0,38.0,40.0,40.0,36.0,41.0,45.0,43.0,41.0,42.0,40.0,40.0,34.0,25.0,34.0,38.0,42.0,41.0,43.0,43.0,0.27345309381237526,1002.0,1002.0
