,ACB,ASW,BEB,CDX,CEU,CHB,CHS,CLM,ESN,FIN,GBR,GIH,GWD,IBS,ITU,JPT,KHV,LWK,MSL,MXL,PEL,PJL,PUR,STU,TSI,YRI,accuracy,macro avg,weighted avg
precision,0.3793103448275862,0.4117647058823529,0.22857142857142856,0.2545454545454545,0.2857142857142857,0.18604651162790697,0.4,0.15789473684210525,0.19607843137254902,0.3148148148148148,0.0967741935483871,0.21621621621621623,0.21052631578947367,0.32653061224489793,0.19047619047619047,0.2608695652173913,0.21739130434782608,0.28,0.42105263157894735,0.3076923076923077,0.6842105263157895,0.25,0.3111111111111111,0.1590909090909091,0.21568627450980393,0.375,0.27345309381237526,0.2822064950899129,0.27750804150031994
recall,0.2894736842105263,0.2916666666666667,0.23529411764705882,0.3783783783783784,0.2,0.1951219512195122,0.3333333333333333,0.15789473684210525,0.25,0.425,0.08333333333333333,0.1951219512195122,0.26666666666666666,0.37209302325581395,0.1951219512195122,0.2857142857142857,0.125,0.35,0.23529411764705882,0.16,0.7647058823529411,0.21052631578947367,0.3333333333333333,0.17073170731707318,0.2558139534883721,0.3488372093023256,0.27345309381237526,0.2734021768822032,0.27345309381237526
f1-score,0.3283582089552239,0.34146341463414637,0.23188405797101447,0.3043478260869565,0.23529411764705882,0.1904761904761905,0.3636363636363636,0.15789473684210525,0.2197802197802198,0.3617021276595745,0.08955223880597014,0.20512820512820515,0.23529411764705882,0.34782608695652173,0.1927710843373494,0.2727272727272727,0.15873015873015875,0.3111111111111111,0.3018867924528302,0.2105263157894737,0.7222222222222222,0.22857142857142856,0.32183908045977017,0.16470588235294117,0.23404255319148937,0.3614457831325302,0.27345309381237526,0.27281606143481485,0.27100442670373137
support,38.0,24.0,34.0,37.0,40.0,41.0,42.0,38.0,40.0,40.0,36.0,41.0,45.0,43.0,41.0,42.0,40.0,40.0,34.0,25.0,34.0,38.0,42.0,41.0,43.0,43.0,0.27345309381237526,1002.0,1002.0
