,ACB,ASW,BEB,CDX,CEU,CHB,CHS,CLM,ESN,FIN,GBR,GIH,GWD,IBS,ITU,JPT,KHV,LWK,MSL,MXL,PEL,PJL,PUR,STU,TSI,YRI,accuracy,macro avg,weighted avg
precision,0.3333333333333333,0.6,0.30434782608695654,0.3888888888888889,0.25,0.40816326530612246,0.22413793103448276,0.48484848484848486,0.23636363636363636,0.3953488372093023,0.2549019607843137,0.2682926829268293,0.14634146341463414,0.3953488372093023,0.1956521739130435,0.36,0.26666666666666666,0.27906976744186046,0.17857142857142858,0.4375,0.725,0.0967741935483871,0.4222222222222222,0.2692307692307692,0.3673469387755102,0.16071428571428573,0.31137724550898205,0.3249640612880947,0.3165592997789066
recall,0.2631578947368421,0.25,0.20588235294117646,0.3783783783783784,0.175,0.4878048780487805,0.30952380952380953,0.42105263157894735,0.325,0.425,0.3611111111111111,0.2682926829268293,0.13333333333333333,0.3953488372093023,0.21951219512195122,0.21428571428571427,0.2,0.3,0.14705882352941177,0.28,0.8529411764705882,0.07894736842105263,0.4523809523809524,0.34146341463414637,0.4186046511627907,0.20930232558139536,0.31137724550898205,0.312053174283712,0.31137724550898205
f1-score,0.29411764705882354,0.35294117647058826,0.2456140350877193,0.3835616438356164,0.20588235294117646,0.4444444444444445,0.26,0.4507042253521127,0.27368421052631575,0.40963855421686746,0.29885057471264365,0.2682926829268293,0.13953488372093023,0.3953488372093023,0.20689655172413796,0.26865671641791045,0.2285714285714286,0.2891566265060241,0.16129032258064516,0.34146341463414637,0.7837837837837837,0.08695652173913043,0.4367816091954023,0.3010752688172043,0.391304347826087,0.18181818181818182,0.31137724550898205,0.3115526939275943,0.3082302324277352
support,38.0,24.0,34.0,37.0,40.0,41.0,42.0,38.0,40.0,40.0,36.0,41.0,45.0,43.0,41.0,42.0,40.0,40.0,34.0,25.0,34.0,38.0,42.0,41.0,43.0,43.0,0.31137724550898205,1002.0,1002.0
