,ACB,ASW,BEB,CDX,CEU,CHB,CHS,CLM,ESN,FIN,GBR,GIH,GWD,IBS,ITU,JPT,KHV,LWK,MSL,MXL,PEL,PJL,PUR,STU,TSI,YRI,accuracy,macro avg,weighted avg
precision,0.22727272727272727,0.4117647058823529,0.12121212121212122,0.2682926829268293,0.26666666666666666,0.2682926829268293,0.24444444444444444,0.42857142857142855,0.09375,0.3617021276595745,0.25,0.17647058823529413,0.2727272727272727,0.3023255813953488,0.14634146341463414,0.1388888888888889,0.20930232558139536,0.17073170731707318,0.12121212121212122,0.18181818181818182,0.7567567567567568,0.15217391304347827,0.375,0.23255813953488372,0.22448979591836735,0.19607843137254902,0.249500998003992,0.2538017213376623,0.25059374183494026
recall,0.2631578947368421,0.2916666666666667,0.11764705882352941,0.2972972972972973,0.2,0.2682926829268293,0.2619047619047619,0.39473684210526316,0.075,0.425,0.3055555555555556,0.21951219512195122,0.26666666666666666,0.3023255813953488,0.14634146341463414,0.11904761904761904,0.225,0.175,0.11764705882352941,0.08,0.8235294117647058,0.18421052631578946,0.21428571428571427,0.24390243902439024,0.2558139534883721,0.23255813953488372,0.249500998003992,0.25023459726539815,0.249500998003992
f1-score,0.24390243902439024,0.34146341463414637,0.11940298507462688,0.28205128205128205,0.2285714285714286,0.2682926829268293,0.25287356321839083,0.4109589041095891,0.08333333333333331,0.39080459770114945,0.275,0.1956521739130435,0.26966292134831465,0.3023255813953488,0.14634146341463414,0.12820512820512822,0.21686746987951808,0.17283950617283952,0.11940298507462688,0.1111111111111111,0.7887323943661971,0.16666666666666666,0.2727272727272727,0.2380952380952381,0.23913043478260868,0.2127659574468085,0.249500998003992,0.24912234366325087,0.24747474058920887
support,38.0,24.0,34.0,37.0,40.0,41.0,42.0,38.0,40.0,40.0,36.0,41.0,45.0,43.0,41.0,42.0,40.0,40.0,34.0,25.0,34.0,38.0,42.0,41.0,43.0,43.0,0.249500998003992,1002.0,1002.0
