,ACB,ASW,BEB,CDX,CEU,CHB,CHS,CLM,ESN,FIN,GBR,GIH,GWD,IBS,ITU,JPT,KHV,LWK,MSL,MXL,PEL,PJL,PUR,STU,TSI,YRI,accuracy,macro avg,weighted avg
precision,0.11475409836065574,0.11764705882352941,0.13636363636363635,0.175,0.21875,0.25,0.18604651162790697,0.15789473684210525,0.13333333333333333,0.13793103448275862,0.09090909090909091,0.16326530612244897,0.17391304347826086,0.11764705882352941,0.047619047619047616,0.2692307692307692,0.1891891891891892,0.20754716981132076,0.13793103448275862,0.3333333333333333,0.717948717948718,0.14285714285714285,0.16071428571428573,0.23809523809523808,0.18421052631578946,0.20689655172413793,0.1966067864271457,0.1926549198264995,0.18975293949982083
recall,0.18421052631578946,0.08333333333333333,0.08823529411764706,0.1891891891891892,0.175,0.1951219512195122,0.19047619047619047,0.07894736842105263,0.1,0.1,0.1111111111111111,0.1951219512195122,0.17777777777777778,0.046511627906976744,0.024390243902439025,0.3333333333333333,0.175,0.275,0.11764705882352941,0.28,0.8235294117647058,0.10526315789473684,0.21428571428571427,0.24390243902439024,0.4883720930232558,0.13953488372093023,0.1966067864271457,0.19751133295619722,0.1966067864271457
f1-score,0.1414141414141414,0.09756097560975609,0.10714285714285714,0.18181818181818182,0.19444444444444442,0.21917808219178084,0.18823529411764706,0.10526315789473684,0.1142857142857143,0.11594202898550725,0.09999999999999999,0.17777777777777776,0.1758241758241758,0.06666666666666667,0.03225806451612904,0.2978723404255319,0.18181818181818182,0.23655913978494625,0.126984126984127,0.30434782608695654,0.767123287671233,0.12121212121212122,0.1836734693877551,0.24096385542168675,0.2675159235668789,0.16666666666666666,0.1966067864271457,0.1889441731429078,0.18670501066653544
support,38.0,24.0,34.0,37.0,40.0,41.0,42.0,38.0,40.0,40.0,36.0,41.0,45.0,43.0,41.0,42.0,40.0,40.0,34.0,25.0,34.0,38.0,42.0,41.0,43.0,43.0,0.1966067864271457,1002.0,1002.0
