,AFR,AMR,EAS,EUR,SAS,accuracy,macro avg,weighted avg
precision,0.9924242424242424,0.7377049180327869,0.9436619718309859,0.6470588235294118,0.8544303797468354,0.8393213572854291,0.8350560671128525,0.850985908060088
recall,0.9924242424242424,0.3237410071942446,0.995049504950495,0.9850746268656716,0.6887755102040817,0.8393213572854291,0.7970129783277471,0.8393213572854291
f1-score,0.9924242424242424,0.45000000000000007,0.9686746987951806,0.7810650887573964,0.7627118644067796,0.8393213572854291,0.7909751788767199,0.8250577818568783
support,264.0,139.0,202.0,201.0,196.0,0.8393213572854291,1002.0,1002.0
