,ACB,ASW,BEB,CDX,CEU,CHB,CHS,CLM,ESN,FIN,GBR,GIH,GWD,IBS,ITU,JPT,KHV,LWK,MSL,MXL,PEL,PJL,PUR,STU,TSI,YRI,accuracy,macro avg,weighted avg
precision,0.08333333333333333,0.13333333333333333,0.09090909090909091,0.11904761904761904,0.12121212121212122,0.24,0.08,0.1111111111111111,0.08333333333333333,0.2631578947368421,0.125,0.3,0.21666666666666667,0.1794871794871795,0.23076923076923078,0.2631578947368421,0.24,0.14285714285714285,0.16129032258064516,0.18181818181818182,0.7428571428571429,0.15,0.17391304347826086,0.3018867924528302,0.21782178217821782,0.15,0.2025948103792415,0.19626781603458174,0.19618124715491786
recall,0.10526315789473684,0.08333333333333333,0.029411764705882353,0.13513513513513514,0.1,0.14634146341463414,0.047619047619047616,0.10526315789473684,0.1,0.25,0.2222222222222222,0.21951219512195122,0.28888888888888886,0.16279069767441862,0.21951219512195122,0.23809523809523808,0.45,0.15,0.14705882352941177,0.08,0.7647058823529411,0.07894736842105263,0.09523809523809523,0.3902439024390244,0.5116279069767442,0.06976744186046512,0.2025948103792415,0.19965299684384272,0.2025948103792415
f1-score,0.0930232558139535,0.10256410256410255,0.04444444444444444,0.12658227848101267,0.10958904109589042,0.1818181818181818,0.059701492537313425,0.10810810810810811,0.0909090909090909,0.25641025641025644,0.16,0.2535211267605634,0.2476190476190476,0.17073170731707318,0.225,0.25,0.3130434782608696,0.14634146341463414,0.15384615384615385,0.1111111111111111,0.7536231884057971,0.10344827586206896,0.12307692307692307,0.3404255319148936,0.3055555555555556,0.09523809523809525,0.2025948103792415,0.18945122732942848,0.19081855116155005
support,38.0,24.0,34.0,37.0,40.0,41.0,42.0,38.0,40.0,40.0,36.0,41.0,45.0,43.0,41.0,42.0,40.0,40.0,34.0,25.0,34.0,38.0,42.0,41.0,43.0,43.0,0.2025948103792415,1002.0,1002.0
