,AFR,AMR,EAS,EUR,SAS,accuracy,macro avg,weighted avg
precision,0.9849624060150376,0.6372549019607843,1.0,0.9428571428571428,0.7387387387387387,0.8892215568862275,0.8607626379143408,0.8831492864946082
recall,0.9924242424242424,0.4676258992805755,1.0,0.9850746268656716,0.8367346938775511,0.8892215568862275,0.8563718924896081,0.8892215568862275
f1-score,0.9886792452830188,0.5394190871369294,1.0,0.9635036496350364,0.784688995215311,0.8892215568862275,0.8552581954540592,0.8836864775504925
support,264.0,139.0,202.0,201.0,196.0,0.8892215568862275,1002.0,1002.0
