,ACB,ASW,BEB,CDX,CEU,CHB,CHS,CLM,ESN,FIN,GBR,GIH,GWD,IBS,ITU,JPT,KHV,LWK,MSL,MXL,PEL,PJL,PUR,STU,TSI,YRI,accuracy,macro avg,weighted avg
precision,0.34285714285714286,0.5833333333333334,0.325,0.1111111111111111,0.2857142857142857,0.25,0.16666666666666666,0.5238095238095238,0.10256410256410256,0.38636363636363635,0.18518518518518517,0.3125,0.225,0.3695652173913043,0.21951219512195122,0.0851063829787234,0.16,0.2830188679245283,0.28,0.5,0.8,0.23809523809523808,0.6136363636363636,0.12903225806451613,0.15,0.25862068965517243,0.2944111776447106,0.3033343154027994,0.2924373031964767
recall,0.3157894736842105,0.2916666666666667,0.38235294117647056,0.05405405405405406,0.3,0.3170731707317073,0.23809523809523808,0.5789473684210527,0.1,0.425,0.1388888888888889,0.36585365853658536,0.2,0.3953488372093023,0.21951219512195122,0.09523809523809523,0.1,0.375,0.20588235294117646,0.32,0.8235294117647058,0.2631578947368421,0.6428571428571429,0.0975609756097561,0.13953488372093023,0.3488372093023256,0.2944111776447106,0.2974684791829655,0.2944111776447106
f1-score,0.3287671232876712,0.38888888888888895,0.35135135135135137,0.07272727272727272,0.2926829268292683,0.27956989247311825,0.19607843137254902,0.5500000000000002,0.10126582278481013,0.40476190476190477,0.15873015873015875,0.33707865168539325,0.21176470588235294,0.38202247191011235,0.21951219512195122,0.08988764044943819,0.12307692307692307,0.32258064516129037,0.23728813559322035,0.39024390243902435,0.8115942028985507,0.25,0.6279069767441862,0.1111111111111111,0.14457831325301204,0.297029702970297,0.2944111776447106,0.2954038212116868,0.2893580712614232
support,38.0,24.0,34.0,37.0,40.0,41.0,42.0,38.0,40.0,40.0,36.0,41.0,45.0,43.0,41.0,42.0,40.0,40.0,34.0,25.0,34.0,38.0,42.0,41.0,43.0,43.0,0.2944111776447106,1002.0,1002.0
