,fit_time,score_time,estimator,test_f1_macro,train_f1_macro,test_precision_macro,train_precision_macro,test_recall_macro,train_recall_macro,test_accuracy,train_accuracy,training_accuracy
Fold 1,0.0032339096069335938,1.8737030029296875,"KNeighborsClassifier(n_jobs=4, n_neighbors=9, weights='distance')",0.24008867321664365,1.0,0.24535695576419558,1.0,0.24152386075462998,1.0,0.23920265780730898,1.0,1.0
Fold 2,0.003242969512939453,0.015240907669067383,"KNeighborsClassifier(n_jobs=4, n_neighbors=9, weights='distance')",0.22102554141015676,1.0,0.21986143569853978,1.0,0.2300078127001204,1.0,0.2292358803986711,1.0,1.0
Fold 3,0.002849102020263672,0.015316009521484375,"KNeighborsClassifier(n_jobs=4, n_neighbors=9, weights='distance')",0.2583048451974283,1.0,0.25846877481492864,1.0,0.26982952944491406,1.0,0.27,1.0,1.0
Fold 4,0.0028159618377685547,0.014428853988647461,"KNeighborsClassifier(n_jobs=4, n_neighbors=9, weights='distance')",0.2504394338116394,1.0,0.2570855979386866,1.0,0.2587812828197444,1.0,0.25666666666666665,1.0,1.0
Fold 5,0.0028684139251708984,0.014452934265136719,"KNeighborsClassifier(n_jobs=4, n_neighbors=9, weights='distance')",0.24673042024329578,1.0,0.25702035587127275,1.0,0.24739651374266763,1.0,0.24666666666666667,1.0,1.0
