,fit_time,score_time,estimator,test_f1_macro,train_f1_macro,test_precision_macro,train_precision_macro,test_recall_macro,train_recall_macro,test_accuracy,train_accuracy,training_accuracy
Fold 1,0.00397491455078125,0.020393848419189453,"KNeighborsClassifier(n_jobs=4, n_neighbors=9, weights='distance')",0.8703187364837021,1.0,0.8823431561761733,1.0,0.8712622192502311,1.0,0.9036544850498339,1.0,1.0
Fold 2,0.004133939743041992,0.012410163879394531,"KNeighborsClassifier(n_jobs=4, n_neighbors=9, weights='distance')",0.87006976430688,1.0,0.8704427736006684,1.0,0.8702543465372472,1.0,0.8970099667774086,1.0,1.0
Fold 3,0.002763032913208008,0.013392925262451172,"KNeighborsClassifier(n_jobs=4, n_neighbors=9, weights='distance')",0.8587841900113091,1.0,0.873194468832309,1.0,0.8619854721549638,1.0,0.8966666666666666,1.0,1.0
Fold 4,0.0026650428771972656,0.013178110122680664,"KNeighborsClassifier(n_jobs=4, n_neighbors=9, weights='distance')",0.8895260548064376,1.0,0.8943861956108823,1.0,0.8887086359967716,1.0,0.9133333333333333,1.0,1.0
Fold 5,0.0027430057525634766,0.01242375373840332,"KNeighborsClassifier(n_jobs=4, n_neighbors=9, weights='distance')",0.8865451555726397,1.0,0.8969398907103825,1.0,0.8860209846650525,1.0,0.9133333333333333,1.0,1.0
