,fit_time,score_time,estimator,test_f1_macro,train_f1_macro,test_precision_macro,train_precision_macro,test_recall_macro,train_recall_macro,test_accuracy,train_accuracy,training_accuracy
Fold 1,0.0025992393493652344,0.012656688690185547,"KNeighborsClassifier(n_jobs=4, n_neighbors=9, weights='distance')",0.7708888774952147,1.0,0.7803321151678677,1.0,0.7784221139130556,1.0,0.8239202657807309,1.0,1.0
Fold 2,0.002871990203857422,0.017989158630371094,"KNeighborsClassifier(n_jobs=4, n_neighbors=9, weights='distance')",0.8158116371096942,1.0,0.826684103458297,1.0,0.819355016614044,1.0,0.8604651162790697,1.0,1.0
Fold 3,0.002691984176635742,0.016540050506591797,"KNeighborsClassifier(n_jobs=4, n_neighbors=9, weights='distance')",0.8566275374063481,1.0,0.8783817134159599,1.0,0.8569168684422921,1.0,0.89,1.0,1.0
Fold 4,0.0026900768280029297,0.012323141098022461,"KNeighborsClassifier(n_jobs=4, n_neighbors=9, weights='distance')",0.8097215388828507,1.0,0.8289761482794269,1.0,0.8103874092009686,1.0,0.8466666666666667,1.0,1.0
Fold 5,0.0025997161865234375,0.013752222061157227,"KNeighborsClassifier(n_jobs=4, n_neighbors=9, weights='distance')",0.8099952287087794,1.0,0.8300074839629366,1.0,0.8122921711057305,1.0,0.85,1.0,1.0
