,AFR,AMR,EAS,EUR,SAS,accuracy,macro avg,weighted avg
precision,0.9924242424242424,0.8,0.9901960784313726,0.8497854077253219,0.8578199052132701,0.9131736526946108,0.8980451267588414,0.9103384992192893
recall,0.9924242424242424,0.5179856115107914,1.0,0.9850746268656716,0.923469387755102,0.9131736526946108,0.8837907737111614,0.9131736526946108
f1-score,0.9924242424242424,0.62882096069869,0.9950738916256158,0.9124423963133639,0.8894348894348895,0.9131736526946108,0.8836392760993602,0.9063285425486196
support,264.0,139.0,202.0,201.0,196.0,0.9131736526946108,1002.0,1002.0
